word,meaning,phonetic,example,example_cn
eat breakfast,吃早饭,,I always eat breakfast before going to school.,我总是在上学前吃早饭。
have class,上课,,,
play sports,进行体育运动,,It is important to play sports every day.,每天进行体育运动很重要。
do morning exercises,做早操,,The students do morning exercises in the playground.,学生们在操场上做早操。
eat dinner,吃晚饭,,My family eats dinner together every evening.,我家每天晚上一起吃晚饭。
clean my room,打扫我的房间,,I need to clean my room this weekend.,我这个周末需要打扫我的房间。
go for a walk,散步,,Let's go for a walk after dinner.,晚饭后我们去散步吧。
go shopping,去买东西；购物,,I need to go shopping for some new clothes.,我需要去买些新衣服。
take,学习；上（课）,/teɪk/,Please take a seat.,请坐下。
dancing,跳舞；舞蹈,/ˈdɑːnsɪŋ/,She has been learning dancing since she was five.,她从五岁起就一直学跳舞。
take a dancing class,上舞蹈课,,She takes a dancing class every Saturday.,她每周六上舞蹈课。
exercise,活动；运动,/ˈeksəsaɪz/,You should exercise every day to stay healthy.,你应该每天锻炼以保持健康。
when,什么时候；何时,/wen/,When is your birthday?,你的生日是什么时候？
Spain,西班牙,/speɪn/,Spain is famous for its beaches.,西班牙以其海滩闻名。
p.m.,午后；下午,/ˌpiːˈem/,The movie starts at seven p.m.,电影晚上七点开始。
shop,去买东西；购物,/ʃɒp/,The shop sells fruits and vegetables.,这家商店卖水果和蔬菜。
work,工作,/wɜːk/,My father goes to work by bus.,我爸爸乘公交车去上班。
last,上一个的；刚过去的,/lɑːst/,He was the last person to leave the office.,他是最后一个离开办公室的人。
sound,听起来好像,/saʊnd/,That sounds like a great idea.,那听起来是个好主意。
play,戏剧；剧本,/pleɪ/,The children are playing in the park.,孩子们正在公园里玩耍。
letter,信,/ˈletə(r)/,I received a letter from my grandmother yesterday.,我昨天收到了祖母的一封信。
live,居住,/lɪv/,She lives in a small town near the coast.,她住在海边的一个小镇上。
island,岛,/ˈaɪlənd/,They spent a week on a small island.,他们在一个小岛上待了一周。
cave,山洞；洞穴,/keɪv/,The explorers discovered a dark cave in the mountain.,探险家在山中发现了一个黑暗的洞穴。
win,获胜,/wɪn/,I hope our team will win.,我希望我们队能赢。
spring,春天,/sprɪŋ/,Flowers bloom in spring.,春天花儿开了。
summer,夏天,/ˈsʌmə(r)/,I go swimming every summer.,我每年夏天都去游泳。
autumn,秋天,/ˈɔːtəm/,The leaves turn red and yellow in autumn.,秋天树叶变成红色和黄色。
winter,冬天,/ˈwɪntə(r)/,Winter is the coldest season.,冬天是最冷的季节。
season,季节,/ˈsiːzn/,Autumn is my favorite season of the year.,秋天是一年中我最喜欢的季节。
picnic,野餐,/ˈpɪknɪk/,We had a picnic in the park on Sunday.,我们星期天在公园野餐了。
go on a picnic,去野餐,,The family will go on a picnic in the park.,这家人要去公园野餐。
go swimming,去游泳,,We go swimming at the pool every Tuesday.,我们每周二去游泳池游泳。
pick apples,摘苹果,,We went to the farm to pick apples.,我们去农场摘苹果了。
make a snowman,堆雪人,,The children make a snowman in winter.,孩子们在冬天堆雪人。
snow,雪,/snəʊ/,The snow covered everything in white.,雪把一切都覆盖成了白色。
vacation,假期,/veɪˈkeɪʃn/,We went to Japan on vacation.,我们去日本度假了。
pink,粉色；粉色的,/pɪŋk/,The little girl likes wearing pink dresses.,那个小女孩喜欢穿粉红色的裙子。
leaf,叶子,/liːf/,A leaf fell from the tree and landed on the ground.,一片叶子从树上落下，掉在了地上。
paint,用颜料绘画,/peɪnt/,She likes to paint pictures of flowers.,她喜欢画花朵的画。
pick,摘；采集,/pɪk/,Please pick a number between one and ten.,请在一到十之间选一个数字。
January,一月,/ˈdʒænjuəri/,January is the first month of the year.,一月是一年中的第一个月。
February,二月,/ˈfebruəri/,February is the shortest month of the year.,二月是一年中最短的月份。
March,三月,/mɑːtʃ/,Spring begins in March.,春天从三月开始。
April,四月,/ˈeɪprəl/,April is the fourth month of the year.,四月是一年中的第四个月。
May,五月,/meɪ/,May I borrow your pen for a moment?,我可以借用一下你的笔吗？
June,六月,/dʒuːn/,School ends in June.,学校在六月放假。
July,七月,/dʒuˈlaɪ/,July is usually very hot.,七月通常很热。
August,八月,/ˈɔːɡəst/,We usually go on vacation in August.,我们通常八月份去度假。
September,九月,/sepˈtembə(r)/,School starts in September.,学校在九月开学。
October,十月,/ɒkˈtəʊbə(r)/,October is my favorite month.,十月是我最喜欢的月份。
November,十一月,/nəʊˈvembə(r)/,November comes after October.,十一月在十月之后。
December,十二月,/dɪˈsembə(r)/,December is the last month of the year.,十二月是一年中的最后一个月。
few,不多；很少,/fjuː/,There are only a few apples left in the basket.,篮子里只剩下几个苹果了。
a few,一些,,I have a few friends in this city.,我在这座城市有几个朋友。
thing,事情,/θɪŋ/,What is that thing on the table?,桌子上那个东西是什么？
meet,集会；开会,/miːt/,"Nice to meet you, my name is Tom.",很高兴认识你，我叫汤姆。
sports meet,运动会,,Our school had a sports meet last Friday.,上周五我们学校举行了运动会。
year,年,/jɪə(r)/,"This year, I want to learn English.",今年，我想学英语。
plant,种植,/plɑːnt/,I water my plant every morning.,我每天早上给我的植物浇水。
contest,比赛；竞赛,/ˈkɒntest/,She won first prize in the singing contest.,她在歌唱比赛中获得了一等奖。
the Great Wall,长城,,The Great Wall is very long and old.,长城非常长且古老。
national,国家的,/ˈnæʃnəl/,The national flag is raised every morning at the school.,学校每天早晨升起国旗。
National Day,国庆日,,We have a holiday on National Day.,国庆日我们放假。
American,美国的,/əˈmerɪkən/,American culture has spread around the world.,美国文化已经传播到世界各地。
Thanksgiving,感恩节,/ˌθæŋksˈɡɪvɪŋ/,We eat turkey on Thanksgiving.,感恩节我们吃火鸡。
Christmas,圣诞节,/ˈkrɪsməs/,We decorate the tree every Christmas.,我们每年圣诞节都装饰圣诞树。
riddle,谜；谜语,/ˈrɪdl/,,
act,扮演,/ækt/,,
first,第一（的）,/fɜːst/,She was the first person to arrive at the party.,她是第一个到达派对的人。
second,第二（的）,/ˈsekənd/,She finished second in the race.,她在比赛中获得了第二名。
third,第三（的）,/θɜːd/,I sit in the third row.,我坐在第三排。
fourth,第四（的）,/fɔːθ/,July is the fourth month of summer.,七月是夏天的第四个月。
fifth,第五（的）,/fɪfθ/,She finished fifth in the race.,她在比赛中获得了第五名。
twelfth,第十二（的）,/twelfθ/,December is the twelfth month of the year.,十二月是一年中的第十二个月。
twentieth,第二十（的）,/ˈtwentiəθ/,Today is the twentieth of June.,今天是六月二十日。
twenty-first,第二十一（的）,,Today is my twenty-first birthday.,今天是我二十一岁生日。
twenty-third,第二十三（的）,,She was twenty-third in line.,她在队伍中排第二十三位。
thirtieth,第三十（的）,/ˈθɜːtiəθ/,Today is the thirtieth day of the month.,今天是这个月的第三十天。
other,其他,/ˈʌðə(r)/,Do you have any other questions?,你还有其他问题吗？
special,特殊的；特别的,/ˈspeʃl/,Today is a special day for our family.,今天对我们家来说是特别的一天。
festival,节日,/ˈfestɪvl/,We celebrate the Spring Festival with our family.,我们和家人一起庆祝春节。
kitten,小猫,/ˈkɪtn/,The kitten is sleeping on the sofa.,小猫正在沙发上睡觉。
diary,日记,/ˈdaɪəri/,She writes in her diary every night before bed.,她每晚睡前写日记。
noise,声音；响声；噪音,/nɔɪz/,The noise outside kept me awake.,外面的噪音让我睡不着。
fur,（某些动物的）浓密的软毛,/fɜː(r)/,The cat has soft white fur.,那只猫有柔软的白色软毛。
open,开着的,/ˈəʊpən/,Please open the window to let in some fresh air.,请打开窗户透透气。
mine,我的,/maɪn/,"This book is mine, not yours.",这本书是我的，不是你的。
yours,你（们）的,/jɔːz/,"This pen is yours, not mine.",这支笔是你的，不是我的。
his,他的,/hɪz/,That is his car.,那是他的车。
hers,她的,/hɜːz/,This book is hers.,这本书是她的。
theirs,他们的；她们的；它们的,/ðeəz/,"This book is theirs, not mine.",这本书是他们的，不是我的。
ours,我们的,/ˈaʊəz/,That car is ours.,那辆车是我们的。
climbing,（正在）攀登；攀爬,/ˈklaɪmɪŋ/,He is climbing the ladder to get the ball.,他正在爬梯子去拿球。
eating,（正在）吃,/ˈiːtɪŋ/,She is eating breakfast in the kitchen.,她正在厨房里吃早饭。
playing,（正在）玩耍,/ˈpleɪɪŋ/,The kids are playing in the sandbox.,孩子们正在沙坑里玩耍。
jumping,（正在）跳,/ˈdʒʌmpɪŋ/,The children are jumping rope in the yard.,孩子们正在院子里跳绳子。
drinking,（正在）喝（水）,/ˈdrɪŋkɪŋ/,The cat is drinking milk from the bowl.,那只猫正在喝碗里的牛奶。
sleeping,（正在）睡觉,/ˈsliːpɪŋ/,The cat is sleeping on the sofa.,那只猫正在沙发上睡觉。
each,每一；各个,/iːtʃ/,Each student has a book.,每个学生都有一本书。
excited,兴奋的；激动的,/ɪkˈsaɪtɪd/,The children are excited about the trip to the zoo.,孩子们对去动物园的旅行感到兴奋。
exhibition,展览,/ˌeksɪˈbɪʃn/,There is a photography exhibition at the gallery.,画廊里有一个摄影展。
teach,教,/tiːtʃ/,My father teaches me how to ride a bike.,我爸爸教我骑自行车。
sure,（表示同意）当然,/ʃʊə(r)/,Are you sure about that?,你确定吗？
Canadian,加拿大的,/kəˈneɪdiən/,My neighbor is Canadian and he loves hockey.,我的邻居是加拿大人，他非常喜欢冰球。
Spanish,西班牙的,/ˈspænɪʃ/,He is learning Spanish this year.,他今年在学西班牙语。
its,它的,/ɪts/,The cat is cleaning its fur.,猫正在清理它的毛发。
bamboo,竹子,/ˌbæmˈbuː/,Pandas eat bamboo every day.,熊猫每天吃竹子。
doing morning exercises,（正在）做早操,,The students are doing morning exercises on the playground.,学生们正在操场上做早操。
eating lunch,（正在）吃午饭,,The students are eating lunch in the cafeteria.,学生们正在餐厅吃午饭。
reading a book,（正在）看书,,The boy is reading a book under the tree.,那个男孩正在树底下看书。
listening to music,（正在）听音乐,,He is listening to music on his phone.,他正在手机上听音乐。
keep,保持某种状态,/kiːp/,Please keep your room clean and tidy.,请保持你的房间干净整洁。
keep to the right,靠右,,"In most countries, cars keep to the right.",在大多数国家，汽车靠右行驶。
keep your desk clean,保持你的课桌干净,,The teacher told us to keep your desk clean.,老师告诉我们要保持你的课桌干净。
talk quietly,小声讲话,,You should talk quietly in the hospital.,在医院里你应该小声讲话。
turn,顺序,/tɜːn/,Please turn left at the corner.,请在拐角处左转。
take turns,按顺序来,,Let's take turns using the computer.,我们按顺序来用电脑吧。
